{
  "name": "t:sections.header.name",
  "type": "header",
  "sections": {
    "header": {
      "type": "header",
      "settings": {
        "color_scheme": "scheme-1",
        "menu_color_scheme": "scheme-1",
        "logo_position": "middle-left",
        "menu": "",
        "menu_type_desktop": "dropdown",
        "sticky_header_type": "on-scroll-up",
        "show_line_separator": false,
        "enable_country_selector": true,
        "enable_customer_avatar": true,
        "enable_language_selector": true,
        "mobile_logo_position": "center",
        "margin_bottom": 0,
        "padding_top": 36,
        "padding_bottom": 12
      }
    }
  },
  "order": [
    "header"
  ]
}
